<?xml version="1.0" encoding="UTF-8"?>
<!--
 Copyright Myrrix Ltd

 Licensed under the Apache License, Version 2.0 (the "License");
 you may not use this file except in compliance with the License.
 You may obtain a copy of the License at

      http://www.apache.org/licenses/LICENSE-2.0

 Unless required by applicable law or agreed to in writing, software
 distributed under the License is distributed on an "AS IS" BASIS,
 WITHOUT WARRANTIES OR CONDITIONS OF ANY KIND, either express or implied.
 See the License for the specific language governing permissions and
 limitations under the License.
 -->
<project name="module_online" default="compile.module.online">
  <dirname property="module.online.basedir" file="${ant.file.module_online}"/>

  <property name="online.output.dir" value="${module.online.basedir}/../out/production/online"/>
  <property name="online.testoutput.dir" value="${module.online.basedir}/../out/test/online"/>

  <path id="online.module.production.classpath">
    <pathelement location="${common.output.dir}"/>
    <pathelement location="common/lib/commons-cli-1.2.jar"/>
    <pathelement location="common/lib/guava-12.0.jar"/>
    <pathelement location="common/lib/mahout-core-0.7.jar"/>
    <pathelement location="common/lib/mahout-math-0.7.jar"/>
    <pathelement location="common/lib/slf4j-api-1.6.6.jar"/>
    <pathelement location="common/lib/commons-math3-3.0.jar"/>
  </path>

  <path id="online.runtime.production.module.classpath">
    <pathelement location="${online.output.dir}"/>
    <path refid="common.runtime.production.module.classpath"/>
  </path>

  <path id="online.module.classpath">
    <path refid="online.module.production.classpath"/>
    <pathelement location="${online.output.dir}"/>
    <pathelement location="${common.testoutput.dir}"/>
    <pathelement location="common/lib/junit-4.10.jar"/>
  </path>

  <path id="online.runtime.module.classpath">
    <pathelement location="${online.testoutput.dir}"/>
    <pathelement location="${online.output.dir}"/>
    <path refid="common.runtime.module.classpath"/>
  </path>

  <target name="compile.module.online" depends="compile.module.online.production,compile.module.online.tests"/>

  <target name="compile.module.online.production" depends="compile.module.common">
    <mkdir dir="${online.output.dir}"/>
    <javac destdir="${online.output.dir}"
           debug="${compiler.debug}"
           optimize="${compiler.optimize}"
           source="${compiler.level}"
           target="${compiler.level}"
           fork="true"
           includeantruntime="false">
      <classpath refid="online.module.production.classpath"/>
      <src path="${module.online.basedir}/src"/>
    </javac>
  </target>

  <target name="compile.module.online.tests" depends="compile.module.online.production" unless="skip.tests"/>

  <target name="clean.module.online">
    <delete dir="${online.output.dir}"/>
    <delete dir="${online.testoutput.dir}"/>
  </target>
</project>